﻿id,name,smiles,note
1,CHEMBL3735817,CN1CCN(c2ccc3nc(-c4cccc(-c5cccs5)c4)c(-c4ccncc4)n3n2)CC1
2,CHEMBL3735315,CN1CCN(c2ccc3nc(-c4cccc(-c5ccsc5)c4)c(-c4ccncc4)n3n2)CC1
3,CHEMBL3736408,CN1CCN(c2ccc3nc(-c4cccc(-c5ccccc5)c4)c(-c4ccncc4)n3n2)CC1
4,CHEMBL3735482,CN1CCN(c2ccc3nc(-c4cccc5ccccc45)c(-c4ccncc4)n3n2)CC1
5,CHEMBL3736103,COc1ccc2c(-c3nc4ccc(N5CCN(C)CC5)nn4c3-c3ccncc3)cccc2c1
6,CHEMBL3735563,CCOc1ccc2c(-c3nc4ccc(N5CCN(C)CC5)nn4c3-c3ccncc3)cccc2c1
7,CHEMBL3735196,CN1CCN(c2ccc3nc(-c4cccc5c4OCO5)c(-c4ccncc4)n3n2)CC1
8,CHEMBL3735309,c1cc2c(c(-c3nc4cccnn4c3-c3ccncc3)c1)OCO2
9,CHEMBL3735590,CN1CCN(c2ccc3nc(-c4ccc5c(c4)OCO5)c(-c4ccncc4)n3n2)CC1
10,CHEMBL3734983,CN1CCN(c2ccc3nc(-c4ccc5ncsc5c4)c(-c4ccncc4)n3n2)CC1
11,CHEMBL3735260,CN1CCN(c2ccc3nc(-c4cccc5c4OCO5)c(-c4ccncc4)n3c2)CC1
12,CHEMBL3734959,CN1CCN(c2ccc3nc(-c4cccc5c4OCO5)c(-c4ccccc4)n3n2)CC1
13,CHEMBL3735428,CN1CCN(c2ccc3nc(-c4ccc5c(c4)OCCO5)c(-c4ccncc4)n3n2)CC1
14,CHEMBL3735582,CN1CCN(c2ccc3nc(-c4cccc5c4OCCO5)c(-c4ccncc4)n3n2)CC1
15,CHEMBL3735368,CN1CCN(c2ccc3nc(-c4cccc(C(=O)N5CCOCC5)c4)c(-c4ccncc4)n3n2)CC1
16,CHEMBL3735025,CN1CCN(c2ccc3nc(-c4ccc(-c5ccccc5)cc4)c(-c4ccncc4)n3n2)CC1
17,CHEMBL3735836,COc1cccc(-c2nc3ccc(N4CCN(C)CC4)nn3c2-c2ccncc2)c1
18,CHEMBL3734840,CN1CCN(c2ccc3nc(-c4ccc(C(=O)N5CCOCC5)cc4)c(-c4ccncc4)n3n2)CC1
19,CHEMBL3736271,CN1CCN(c2ccc3nc(-c4ccc(-c5ccccc5)s4)c(-c4ccncc4)n3n2)CC1
20,CHEMBL3735077,CN1CCN(c2ccc3nc(-c4cccc5c4OCO5)c(-c4cccnc4)n3n2)CC1
21,CHEMBL3745885,Cn1c(=O)c(S(=O)(=O)c2ccc(F)cc2F)cc2cnc(Nc3ccc4[nH]ccc4c3)nc21
22,CHEMBL3823499,CC(C)(C)S(=O)(=O)c1ccc2nccc(Nc3n[nH]c4ccc(F)cc34)c2c1
23,CHEMBL400402,Cc1cc(-c2cc(O)ccc2Cl)cc2nnc(Nc3ccc(OCCN4CCCC4)cc3)nc12
24,CHEMBL2364611,Cc1cccc(-c2nn3c(c2-c2ccnc4ccc(C(N)=O)cc24)CCC3)n1
25,CHEMBL1171837,Cc1ccc(C(=O)Nc2ccc(CN3CCN(C)CC3)c(C(F)(F)F)c2)cc1C#Cc1cnc2cccnn12
26,CHEMBL1873475,C=CC(=O)N1CCC[C@@H](n2nc(-c3ccc(Oc4ccccc4)cc3)c3c(N)ncnc32)C1
27,CHEMBL2103842,C[C@@H]1COC(Nc2ccc3ncnc(Nc4ccc(OCc5nccs5)c(Cl)c4)c3c2)=N1
28,CHEMBL1230609,COc1cc2c(Oc3ccc(NC(=O)C4(C(=O)Nc5ccc(F)cc5)CC4)cc3F)ccnc2cc1OCCCN1CCOCC1
29,CHEMBL3039525,CN1CCN(C2CCN(C(=O)Nc3cc(Oc4ccc(NC(=O)C5(C(=O)Nc6ccc(F)cc6)CC5)c(F)c4)ccn3)CC2)CC1
30,CHEMBL2029988,COc1cc2ncnc(Oc3cccc(NC(=O)Nc4cc(C(C)(C)C(F)(F)F)on4)c3)c2cc1OC
31,CHEMBL2028663,CC(C)(C)c1nc(-c2cccc(NS(=O)(=O)c3c(F)cccc3F)c2F)c(-c2ccnc(N)n2)s1
32,CHEMBL1289601,COc1cc2nccc(Oc3ccc(NC(=O)NC4CC4)c(Cl)c3)c2cc1C(N)=O
33,CHEMBL3688339,CC(=O)c1cnc2ccc(-c3cc(Cl)c(O)c(Cl)c3)nc2c1N[C@H]1CC[C@H](CN(C)C)CC1
34,CHEMBL3544983,COc1cc2c(Nc3ccc(Cl)c(Cl)c3F)ncnc2cc1OC[C@@H]1C[C@@H]2CN(C)C[C@@H]2C1
35,CHEMBL1946170,CNC(=O)c1cc(Oc2ccc(NC(=O)Nc3ccc(Cl)c(C(F)(F)F)c3)c(F)c2)ccn1
36,CHEMBL3545154,C=CC(=O)N1CCC(Oc2cc3c(Nc4ccc(Cl)c(Cl)c4F)ncnc3cc2OC)CC1
37,CHEMBL206834,Cc1ccc(NC(=O)c2ccc(CN3CC[C@H](N(C)C)C3)c(C(F)(F)F)c2)cc1Nc1nccc(-c2cncnc2)n1
38,CHEMBL3991932,Cc1ccc(-n2nc(C(C)(C)C)cc2NC(=O)NCc2cc(F)ccc2Oc2ccc3c(cnn3CCO)c2)cc1
39,CHEMBL3301612,COC(=O)N[C@@H](C)CNc1nccc(-c2cn(C(C)C)nc2-c2cc(Cl)cc(NS(C)(=O)=O)c2F)n1
40,CHEMBL572881,CC1(C)CNc2cc(NC(=O)c3cccnc3NCc3ccncc3)ccc21
41,CHEMBL3989868,Cc1cc(Nc2ncnc3ccc(NC4=NC(C)(C)CO4)cc23)ccc1Oc1ccn2ncnc2c1
42,CHEMBL2408045,CNC(=O)CN1CCC(Oc2cc3c(Nc4cccc(Cl)c4F)ncnc3cc2OC)CC1
43,CHEMBL255863,Cc1cn(-c2cc(NC(=O)c3ccc(C)c(Nc4nccc(-c5cccnc5)n4)c3)cc(C(F)(F)F)c2)cn1
44,CHEMBL1738757,CNC(=O)c1cc(Oc2ccc(NC(=O)Nc3cc(C(C)(C)C)nn3-c3ccc4ncccc4c3)c(F)c2)ccn1
45,CHEMBL3301622,CCc1nc(C(N)=O)c(Nc2ccc(N3CCC(N4CCN(C)CC4)CC3)c(OC)c2)nc1NC1CCOCC1
46,CHEMBL1289494,COc1cc2nccc(Oc3ccc(NC(=O)Nc4cc(C)on4)c(Cl)c3)c2cc1OC
47,CHEMBL1614710,O=C(Nc1ccc(OC(F)(F)F)cc1)c1sccc1NCc1ccnc2ccccc12
48,CHEMBL217092,CN1CCN(CCOc2cc(OC3CCOCC3)c3c(Nc4c(Cl)ccc5c4OCO5)ncnc3c2)CC1
49,CHEMBL3348923,C[C@@H](NC(=O)c1ncnc(N)c1Cl)c1ncc(C(=O)Nc2cc(C(F)(F)F)c(Cl)cn2)s1
50,CHEMBL477772,Cc1ccc(Nc2nccc(N(C)c3ccc4c(C)n(C)nc4c3)n2)cc1S(N)(=O)=O
51,CHEMBL1229517,CCCS(=O)(=O)Nc1ccc(F)c(C(=O)c2c[nH]c3ncc(-c4ccc(Cl)cc4)cc23)c1F
52,CHEMBL1230165,O=C(O)c1ccc2c(c1)nc(Nc1cccc(Cl)c1)c1ccncc12
53,CHEMBL31965,C=CC(=O)Nc1cc2c(Nc3ccc(F)c(Cl)c3)ncnc2cc1OCCCN1CCOCC1
54,CHEMBL3186534,N#CC1(c2ccc(NC(=O)c3cccnc3NCc3ccncc3)cc2)CCCC1
55,CHEMBL3991933,Cc1nc2cc(-c3nn(C(C)C)c4ncnc(N)c34)ccc2o1
56,CHEMBL2105717,COc1cc2nccc(Oc3ccc(NC(=O)C4(C(=O)Nc5ccc(F)cc5)CC4)cc3)c2cc1OC
57,CHEMBL939,COc1cc2ncnc(Nc3ccc(F)c(Cl)c3)c2cc1OCCCN1CCOCC1
58,CHEMBL2110732,COc1cc2ncnc(Nc3ccc(F)c(Cl)c3)c2cc1NC(=O)/C=C/CN1CCCCC1
59,CHEMBL230011,Nc1nc(N)c2nc(-c3cccc(O)c3)c(-c3cccc(O)c3)nc2n1
60,CHEMBL482967,Cc1nc(N)sc1-c1ccnc(Nc2ccc(N3CCOCC3)cc2)n1
61,CHEMBL1091644,C[C@]1(O)C[C@@H](c2nc(-c3ccc4ccc(-c5ccccc5)nc4c3)c3c(N)nccn32)C1
62,CHEMBL551064,Nc1ncnc2c1c(-c1cccc(OCc3ccccc3)c1)cn2[C@H]1C[C@H](N2CCC2)C1
63,CHEMBL2138625,C=CC(=O)Nc1cc2c(Nc3ccc(F)c(Cl)c3)ncnc2cc1C#CC(C)(C)N1CCN(C)CC1
64,CHEMBL3544966,O=C1NC(=O)/C(=C/c2ccc3nccc(-c4ccncc4)c3c2)S1
65,CHEMBL1908394,C[C@@H](Oc1cc(-n2cnc3ccc(CN4CCN(C)CC4)cc32)sc1C(N)=O)c1ccccc1C(F)(F)F
66,CHEMBL91829,CN(C)C[C@@H]1CCn2cc(c3ccccc32)C2=C(C(=O)NC2=O)c2cn(c3ccccc23)CCO1
67,CHEMBL3991927,COc1ccc(S(=O)(=O)N(C(C)=O)c2ccccc2/C=C/c2cc[n+]([O-])cc2)cc1
68,CHEMBL576982,CC(C)(C)c1cc(NC(=O)Nc2ccc(-c3cn4c(n3)sc3cc(OCCN5CCOCC5)ccc34)cc2)no1
69,CHEMBL553,C#Cc1cccc(Nc2ncnc3cc(OCCOC)c(OCCOC)cc23)c1
70,CHEMBL571546,O=C(Cc1ccc(-c2ccc(OCCN3CCOCC3)cc2)cn1)NCc1ccccc1
71,CHEMBL1667969,O=c1[nH]ccc2cc(OC3CCNCC3)ccc12
72,CHEMBL3188551,Cc1c(Cn2c(C)nc3c(C(=O)O)cc(N4CCOCC4)cc32)cccc1C(F)(F)F
73,CHEMBL3989914,COCCNCc1ccc(-c2cc3nccc(Oc4ccc(NC(=S)NC(=O)Cc5ccc(F)cc5)cc4F)c3s2)nc1
74,CHEMBL941,Cc1ccc(NC(=O)c2ccc(CN3CCN(C)CC3)cc2)cc1Nc1nccc(-c2cccnc2)n1
75,CHEMBL372764,CCCCCCCCCCCCCCCCCCOP(=O)([O-])OC1CC[N+](C)(C)CC1
76,CHEMBL3353410,C=CC(=O)Nc1cc(Nc2nccc(-c3cn(C)c4ccccc34)n2)c(OC)cc1N(C)CCN(C)C
77,CHEMBL1908391,Cc1ccc(NC(=O)c2ccc(CN3CCN(C)CC3)cc2)cc1Nc1nc(-c2cccnc2)cs1
78,CHEMBL1614766,O=C(NOCCO)c1cc(CN2OCCCC2=O)c(F)c(F)c1Nc1ccc(I)cc1F
79,CHEMBL1645462,Cc1c(NC(=O)OC[C@@H]2COCCN2)cn2ncnc(Nc3ccc4c(cnn4Cc4cccc(F)c4)c3)c12
80,CHEMBL2103830,COc1cc(Nc2ncc(F)c(Nc3ccc4c(n3)N(COP(=O)(O)O)C(=O)C(C)(C)O4)n2)cc(OC)c1OC
81,CHEMBL2180604,Cc1cc(C(=O)Nc2cc(Oc3ccc4nc(NC(=O)C5CC5)cn4n3)ccc2C)n(C)n1
82,CHEMBL1421,Cc1nc(Nc2ncc(C(=O)Nc3c(C)cccc3Cl)s2)cc(N2CCN(CCO)CC2)n1
83,CHEMBL296468,CC(C)(C)c1cnc(CSc2cnc(NC(=O)C3CCNCC3)s2)o1
84,CHEMBL1241855,COc1cc(OC)c(/C=C/S(=O)(=O)Cc2ccc(OC)c(NCC(=O)O)c2)c(OC)c1
85,CHEMBL491473,COc1cc2c(Oc3ccc4[nH]c(C)cc4c3F)ncnc2cc1OCCCN1CCCC1
86,CHEMBL574737,CN[C@@H]1C[C@H]2O[C@@](C)([C@@H]1OC)n1c3ccccc3c3c4c(c5c6ccccc6n2c5c31)C(=O)N[C@H]4O
87,CHEMBL3545360,COc1cc(N2CCC(N3CCN(C)CC3)CC2)ccc1Nc1ncnc(Nc2ccccc2S(=O)(=O)C(C)C)n1
88,CHEMBL3137331,CNC(=O)c1ccc(Nc2ncc(C(F)(F)F)c(NCc3nccnc3N(C)S(C)(=O)=O)n2)cc1
89,CHEMBL3109738,COc1cc2ncnc3c2cc1OCCCCCN(C)Cc1ccc(Br)cc1N3
90,CHEMBL2146883,O=C(c1ccc(F)c(F)c1Nc1ccc(I)cc1F)N1CC(O)([C@@H]2CCCCN2)C1
91,CHEMBL2107832,O=C(NC[C@H](O)CO)c1ccncc1Nc1ccc(I)cc1F
92,CHEMBL494089,CCn1c(-c2nonc2N)nc2c(C#CC(C)(C)O)ncc(OC[C@H]3CCCNC3)c21
93,CHEMBL180022,CCOc1cc2ncc(C#N)c(Nc3ccc(OCc4ccccn4)c(Cl)c3)c2cc1NC(=O)/C=C/CN(C)C
94,CHEMBL1614707,FC(F)(F)c1ccc(/C=C/c2nc(COc3ccc(CCCCn4ccnn4)cc3)co2)cc1
95,CHEMBL3218576,COc1c(OCCCN2CCOCC2)ccc2c1N=C(NC(=O)c1cnc(N)nc1)N1CCN=C21
96,CHEMBL3128043,Cc1nc(Nc2n[nH]c3c2CN(C(=O)N[C@H](CN(C)C)c2ccccc2)C3(C)C)c2sccc2n1
97,CHEMBL270995,Cc1cc2c(F)c(Oc3ncnn4cc(OC[C@@H](C)OC(=O)[C@H](C)N)c(C)c34)ccc2[nH]1
98,CHEMBL3544932,CCS(=O)(=O)c1cccc(-c2cc(C(=O)NC3CCN(C)CC3)c(C)c3[nH]c4ncc(C)cc4c23)c1
99,CHEMBL1084546,CN(c1ncccc1CNc1nc(Nc2ccc3c(c2)CC(=O)N3)ncc1C(F)(F)F)S(C)(=O)=O
100,CHEMBL572878,Cc1cc(Nc2cc(N3CCN(C)CC3)nc(Sc3ccc(NC(=O)C4CC4)cc3)n2)n[nH]1
101,CHEMBL536151,O=C(Nc1cc(C(F)(F)F)cc(C(F)(F)F)c1)c1cc(Cl)ccc1O
102,CHEMBL3264002,CNS(=O)(=O)Nc1nccc(Cc2c(C)c3ccc(Oc4ncccn4)cc3oc2=O)c1F
103,CHEMBL2105759,CCS(=O)(=O)N1CC(CC#N)(n2cc(-c3ncnc4[nH]ccc34)cn2)C1
104,CHEMBL2219422,Cn1ncc(Cl)c1-c1cc(C(=O)N[C@H](CN)Cc2cccc(F)c2)sc1Cl
105,CHEMBL1614725,CC(C)(O)CC(=O)NCCn1ccc2ncnc(Nc3ccc(Oc4cccc(C(F)(F)F)c4)c(Cl)c3)c21
106,CHEMBL496102,COc1ccc2c(OCc3nnc4ccc(-c5ccccc5)nn34)ccnc2c1
107,CHEMBL2325741,NC1(C(=O)N[C@@H](CCO)c2ccc(Cl)cc2)CCN(c2nc[nH]c3nccc2-3)CC1
108,CHEMBL2403108,Cc1cc(Nc2ncc(Cl)c(Nc3ccccc3S(=O)(=O)C(C)C)n2)c(OC(C)C)cc1C1CCNCC1
109,CHEMBL2035187,C1=N/C2=N/c3ccc(OCCN4CCCC4)c(c3)COC/C=C/COCc3cccc(c3)C(=C1)N2
110,CHEMBL413,CO[C@H]1C[C@@H]2CC[C@@H](C)[C@@](O)(O2)C(=O)C(=O)N2CCCC[C@H]2C(=O)O[C@H]([C@H](C)C[C@@H]2CC[C@@H](O)[C@H](OC)C2)CC(=O)[C@H](C)/C=C(\C)[C@@H](O)[C@@H](OC)C(=O)[C@H](C)C[C@H](C)/C=C/C=C/C=C/1C
111,CHEMBL3545137,Cn1cc(C2=Nc3cc(NC(=O)C(N)C4CCCCC4)cc4c3C2=CNNC4=O)cn1
112,CHEMBL2103840,CCc1cnn2c(NCc3ccc[n+]([O-])c3)cc(N3CCCC[C@H]3CCO)nc12
113,CHEMBL3402762,CN1CCC(COc2cnc(-c3cccc(Cn4nc(-c5cccc(C#N)c5)ccc4=O)c3)nc2)CC1
114,CHEMBL1231124,Cc1cc(Nc2nc(N[C@@H](C)c3ncc(F)cn3)ncc2Cl)[nH]n1
115,CHEMBL564829,CNC(=O)c1nn(C)c2c1C(C)(C)Cc1cnc(Nc3ccc(N4CCN(C)CC4)cc3)nc1-2
116,CHEMBL415049,CCN(CCCOc1ccc2c(Nc3cc(CC(=O)Nc4cccc(F)c4)[nH]n3)ncnc2c1)CCOP(=O)(O)O
117,CHEMBL259084,O=C(O)c1ccc(Nc2ncc3c(n2)-c2ccc(Cl)cc2C(c2c(F)cccc2F)=NC3)cc1
118,CHEMBL3545157,O=c1sn(-c2cccc3ccccc23)c(=O)n1Cc1ccccc1
119,CHEMBL587723,CCN1CCN(Cc2ccc(-c3cc4c(N[C@H](C)c5ccccc5)ncnc4[nH]3)cc2)CC1
120,CHEMBL592445,CN(C)C1CCN(C(=O)c2ccc(NC(=O)Nc3ccc(-c4nc(N5CCOCC5)nc(N5CCOCC5)n4)cc3)cc2)CC1
121,CHEMBL1090090,NC(=O)c1ccc(N(C(N)=O)c2c(F)cccc2F)nc1-c1ccc(F)cc1F
122,CHEMBL3039517,Cc1cnc(NC(=O)Nc2cc(Br)c(C)cc2OC[C@@H]2CNCCO2)cn1
123,CHEMBL607707,CCOc1cc2ncc(C#N)c(Nc3ccc(F)c(Cl)c3)c2cc1NC(=O)/C=C/CN(C)C
124,CHEMBL221959,C[C@@H]1CCN(C(=O)CC#N)C[C@@H]1N(C)c1ncnc2[nH]ccc12
125,CHEMBL2103875,CC(=O)Nc1cccc(-n2c(=O)n(C3CC3)c(=O)c3c(Nc4ccc(I)cc4F)n(C)c(=O)c(C)c32)c1
126,CHEMBL482767,O=C(Nc1cccc(Cl)c1)Nc1ncc(CCNc2ncnc3ccsc23)s1
127,CHEMBL1230607,CC(C)CC(=O)Nc1n[nH]c2c1CN(C(=O)C1CCN(C)CC1)C2(C)C
128,CHEMBL2220486,CNC(=O)c1cccc2cc(Oc3ccnc4cc(OCC5(N)CC5)c(OC)cc34)ccc12
129,CHEMBL402548,CO[C@@H](C(=O)N1Cc2[nH]nc(NC(=O)c3ccc(N4CCN(C)CC4)cc3)c2C1)c1ccccc1
130,CHEMBL1287853,Cc1cnc(Nc2ccc(OCCN3CCCC3)cc2)nc1Nc1cccc(S(=O)(=O)NC(C)(C)C)c1
131,CHEMBL3184679,COc1cc(CCc2cc(NC(=O)c3ccc(N4CC(C)NC(C)C4)cc3)n[nH]2)cc(OC)c1
132,CHEMBL462018,CN1N=C(N)c2cn([C@@H]3O[C@H](COP(=O)(O)O)[C@@H](O)[C@H]3O)c3ncnc1c23
133,CHEMBL475251,COc1cc(Nc2ncc(F)c(Nc3ccc4c(n3)NC(=O)C(C)(C)O4)n2)cc(OC)c1OC
134,CHEMBL483321,COCC(=O)NC/C=C/c1ccc2ncnc(Nc3ccc(Oc4ccc(C)nc4)c(C)c3)c2c1
135,CHEMBL488436,Cc1ncc(-c2ccnc(Nc3ccc(S(C)(=O)=O)cc3)n2)n1C(C)C
136,CHEMBL3545328,O=C(Nc1ccc(-c2ccnc(Nc3ccc(N4CCOCC4)cc3)n2)cc1)C1CCCN1
137,CHEMBL1079175,NC1(c2ccc(-c3nc4ccn5c(=O)[nH]nc5c4cc3-c3ccccc3)cc2)CCC1
138,CHEMBL483158,COc1cc(Nc2ncc3c(n2)-c2ccc(Cl)cc2C(c2c(F)cccc2OC)=NC3)ccc1C(=O)O
139,CHEMBL2103851,S=C(NCc1ccc2c(c1)OCO2)N1CCN(c2ncnc3c2oc2ccccc23)CC1
140,CHEMBL1336,CNC(=O)c1cc(Oc2ccc(NC(=O)Nc3ccc(Cl)c(C(F)(F)F)c3)cc2)ccn1
141,CHEMBL3545307,Cc1ccc(C(=O)Nc2ccc(Oc3cc4cnn(C)c4cc3-c3cn[nH]c3)c(F)c2)c(=O)n1-c1ccc(F)cc1
142,CHEMBL575448,C[C@@]1(C(=O)Nc2ccc(F)nc2)CCCN1c1nc(Nc2cc(C3CC3)n[nH]2)c2cccn2n1
143,CHEMBL2386889,Cn1cc(-c2cnn3c(N)c(Br)c([C@@H]4CCCNC4)nc23)cn1
144,CHEMBL3218578,COc1ccc(-c2ccc3ncc4c(c3c2)n(-c2ccc(N3CCNCC3)c(C(F)(F)F)c2)c(=O)n4C)cn1
145,CHEMBL1822792,CN(C[C@@H]1COCCO1)S(=O)(=O)Nc1ccc2ccc3ncc(-c4cnn(C)c4)cc3c(=O)c2c1
146,CHEMBL403989,Cc1cc(-c2cc(OC(=O)c3ccccc3)ccc2Cl)cc2nnc(Nc3ccc(OCCN4CCCC4)cc3)nc12
147,CHEMBL3408248,C[C@@H](Nc1cc(F)cc(F)c1)c1cc(C(=O)N(C)C)cc2c(=O)cc(N3CCOCC3)oc12
148,CHEMBL3301610,CCN1CCN(Cc2ccc(Nc3ncc(F)c(-c4cc(F)c5nc(C)n(C(C)C)c5c4)n3)nc2)CC1
149,CHEMBL3137336,Cn1ncc(Cl)c1-c1cc(C(=O)N[C@H](CN)Cc2ccc(F)c(F)c2)oc1Cl
150,CHEMBL1879463,Cn1c(=O)n(-c2ccc(C(C)(C)C#N)cc2)c2c3cc(-c4cnc5ccccc5c4)ccc3ncc21
151,CHEMBL3426621,C[C@H]1CNCCCN1S(=O)(=O)c1cccc2cncc(F)c12
152,CHEMBL3187723,Cn1cnc2c(F)c(Nc3ccc(Br)cc3F)c(C(=O)NOCCO)cc21
153,CHEMBL3545396,COc1cccc(Nc2ncnn3ccc(CN4CC[C@@H](N)[C@H](O)C4)c23)c1
154,CHEMBL2079588,CNC(=O)c1cc(COc2nnc(Nc3ccc(Cl)cc3)c3ccoc23)ccn1
155,CHEMBL2165191,Cc1cc([C@@H](C)Nc2ccccc2C(=O)O)c2nc(N3CCOCC3)cc(=O)n2c1
156,CHEMBL3991931,C=CC(=O)N1CCC[C@H](n2c(=O)n(-c3ccc(Oc4ccccc4)cc3)c3c(N)ncnc32)C1
157,CHEMBL1233528,CC[C@@H]1C(=O)N(C)c2cnc(Nc3ccc(C(=O)N[C@H]4CC[C@H](N5CCN(CC6CC6)CC5)CC4)cc3OC)nc2N1C(C)C
158,CHEMBL3545215,CCn1c(C(=O)N(C2CC2)C2CC2)cc2c3c(ncn3C)c(Nc3cc(C)n(C)n3)nc21
159,CHEMBL3545083,COCCN1CCN(Cc2ccc(-c3n[nH]c4c3C(=O)c3c(NC(=O)NN5CCOCC5)cccc3-4)cc2)CC1
160,CHEMBL571948,C[C@@H](N)c1ccc(C(=O)Nc2ccnc3[nH]ccc23)cc1
161,CHEMBL1090479,CCn1cc(-c2ccnc3[nH]c(-c4cccc(CN(C)C)c4)cc23)c(-c2ccc(NC(=O)N(C)C)cc2)n1
162,CHEMBL124660,COc1cc2c(N3CCN(C(=O)Nc4ccc(OC(C)C)cc4)CC3)ncnc2cc1OCCCN1CCCCC1
163,CHEMBL3218575,Cc1ccc(S(=O)(=O)Nc2nc3ccccc3nc2Nc2ccc3nsnc3c2)cc1
164,CHEMBL1944698,CN1C/C=C/CCOc2cccc(c2)-c2ccnc(n2)Nc2cccc(c2)C1
165,CHEMBL189963,CC(=O)c1c(C)c2cnc(Nc3ccc(N4CCNCC4)cn3)nc2n(C2CCCC2)c1=O
166,CHEMBL3188267,CNC(=O)c1ccc(-c2cnc3ncc(Cc4ccc5ncccc5c4)n3n2)cc1F
167,CHEMBL1908397,O=C(c1ccc(/C=C/c2n[nH]c3ccccc23)cc1)N1CCNCC1
168,CHEMBL2376648,C[C@@H](Oc1cc(C(=O)Nc2ccc(C(=O)N3CCN(C)CC3)cc2)nnc1N)c1c(Cl)ccc(F)c1Cl
169,CHEMBL2323775,Cn1cc(-c2cnc3ccc4ccc(CS(=O)(=O)NCc5ccccn5)cc4c(=O)c3c2)cn1
170,CHEMBL3039513,CC[C@@](C)(Nc1ccnc(-c2c[nH]c3ncccc23)n1)C(=O)NCC(F)(F)F
171,CHEMBL2087361,C#Cc1cccc(Nc2ncnc3cc4c(cc23)OCCOCCOCCO4)c1
172,CHEMBL411907,C=CCN(/C=C1/C(=O)O[C@H](COC)[C@@]2(C)C1=C(O)C(=O)C1=C2[C@H](OC(C)=O)C[C@]2(C)C(=O)CC[C@@H]12)CC=C
173,CHEMBL3545366,CCn1c(=O)c(-c2cc[nH]n2)cc2c(C)nc(N)nc21
174,CHEMBL215152,CCN(CCO)CCCOc1ccc2c(Nc3cc(CC(=O)Nc4cccc(F)c4)[nH]n3)ncnc2c1
175,CHEMBL3699142,CCNC(=O)C#Cc1ccc2c(c1)NC(=O)/C2=C(\Nc1ccc(CN(C)C)cc1)c1ccccc1
176,CHEMBL38380,O=S(=O)(c1cccc2cnccc12)N1CCCNCC1
177,CHEMBL521851,CS(=O)(=O)N1CCN(Cc2cc3nc(-c4cccc5[nH]ncc45)nc(N4CCOCC4)c3s2)CC1
178,CHEMBL1614701,Cn1cnc2c(F)c(Nc3ccc(Br)cc3Cl)c(C(=O)NOCCO)cc21
179,CHEMBL2103839,CO[C@H]1C[C@@H]2CC[C@@H](C)[C@@](O)(O2)C(=O)C(=O)N2CCCC[C@H]2C(=O)O[C@H]([C@H](C)C[C@@H]2CC[C@@H](OP(C)(C)=O)[C@H](OC)C2)CC(=O)[C@H](C)/C=C(\C)[C@@H](O)[C@@H](OC)C(=O)[C@H](C)C[C@H](C)/C=C/C=C/C=C/1C
180,CHEMBL3545076,Cn1cc(-c2ccc(F)c(C(F)(F)F)c2)nc1C1CCN(c2ncnc3[nH]ncc23)CC1
181,CHEMBL2017974,Nc1cc(C(F)(F)F)c(-c2cc(N3CCOCC3)nc(N3CCOCC3)n2)cn1
182,CHEMBL2133806,Cn1cc(-c2ccc3nnc(C(F)(F)c4ccc5ncccc5c4)n3n2)cn1
183,CHEMBL24828,COc1cc2/c(=N/c3ccc(Br)cc3F)nc[nH]c2cc1OCC1CCN(C)CC1
184,CHEMBL2103882,O=C1NC(=O)[C@@H](c2cn3c4c(cccc24)CCC3)[C@@H]1c1c[nH]c2ccccc12
185,CHEMBL1236682,COc1cc(F)c(F)c(Nc2ccc(I)cc2F)c1NS(=O)(=O)C1(C[C@H](O)CO)CC1
186,CHEMBL514201,C[C@@H]1CN(Cc2ccc(F)cc2)[C@@H](C)CN1C(=O)c1cc2c(C(=O)C(=O)N(C)C)cn(C)c2cc1Cl
187,CHEMBL1614713,c1cc(OCCN2CCCCC2)cc(-c2n[nH]c3ccc(-c4nnc[nH]4)cc23)c1
188,CHEMBL3545308,C=CC(=O)Nc1cccc(Nc2nc(Nc3ccc(N4CCN(C(C)=O)CC4)cc3OC)ncc2C(F)(F)F)c1
189,CHEMBL3182444,O=C(O)C1(Cc2cccc(Nc3nccs3)n2)CCC(Oc2cccc(Cl)c2F)CC1
190,CHEMBL1721885,Cc1[nH]c(/C=C2\C(=O)Nc3ccc(F)cc32)c(C)c1C(=O)NC[C@H](O)CN1CCOCC1
191,CHEMBL3301607,O=C(Nc1nc2cccc(-c3ccc(CN4CCS(=O)(=O)CC4)cc3)n2n1)C1CC1
192,CHEMBL1976040,C=CCn1c(=O)c2cnc(Nc3ccc(N4CCN(C)CC4)cc3)nc2n1-c1cccc(C(C)(C)O)n1
193,CHEMBL1236107,Cn1cc(-c2ccc3nnc(Sc4ccc5ncccc5c4)n3n2)cn1
194,CHEMBL253969,NC(=O)c1c(OCc2c(F)cc(Br)cc2F)nsc1NC(=O)NCCCCN1CCCC1
195,CHEMBL3545085,CC(C)c1cc(CNc2nc(Nc3cc(C4CC4)[nH]n3)cc(N3CCN(C)CC3)n2)on1
196,CHEMBL1236962,COc1ncc(-c2ccc3nccc(-c4ccnnc4)c3c2)cc1NS(=O)(=O)c1ccc(F)cc1F
197,CHEMBL1738797,CCc1cc2c(cc1N1CCC(N3CCOCC3)CC1)C(C)(C)c1[nH]c3cc(C#N)ccc3c1C2=O
198,CHEMBL3813873,FC(F)(F)c1ccc(CNc2ccc(Cc3c[nH]c4ncc(Cl)cc34)cn2)cn1
199,CHEMBL1922094,Cc1c(CN2CCN(C(=O)[C@H](C)O)CC2)sc2c(N3CCOCC3)nc(-c3cnc(N)nc3)nc12
200,CHEMBL1908360,CO[C@H]1C[C@@H]2CC[C@@H](C)[C@@](O)(O2)C(=O)C(=O)N2CCCC[C@H]2C(=O)O[C@H]([C@H](C)C[C@@H]2CC[C@@H](OCCO)[C@H](OC)C2)CC(=O)[C@H](C)/C=C(\C)[C@@H](O)[C@@H](OC)C(=O)[C@H](C)C[C@H](C)/C=C/C=C/C=C/1C
201,CHEMBL1088751,CNC(=O)c1ccc(C)c(-n2c(C)cc(OCc3ccc(F)cc3F)c(Br)c2=O)c1
202,CHEMBL405130,COc1cc2ncnc(Nc3ccc(O)cc3)c2cc1OC
203,CHEMBL3544944,O=c1[nH]c(C2CCCN2)nc2c1oc1ccc(Cl)cc12
204,CHEMBL2105728,CC1(COc2ccc3c(c2)ncn3-c2ccc3cccc(N4CCC(N)CC4)c3n2)COC1
205,CHEMBL428690,CN1CC[C@H](c2c(O)cc(O)c3c(=O)cc(-c4ccccc4Cl)oc23)[C@H](O)C1
206,CHEMBL1983268,CN1CCN(c2ccc(C(=O)Nc3n[nH]c4ccc(Cc5cc(F)cc(F)c5)cc34)c(NC3CCOCC3)c2)CC1
207,CHEMBL565612,CN1CCN(c2nc(C3=C(c4c[nH]c5ccccc45)C(=O)NC3=O)c3ccccc3n2)CC1
208,CHEMBL300138,Cn1cc(C2=C(c3cn(C4CCN(Cc5ccccn5)CC4)c4ccccc34)C(=O)NC2=O)c2ccccc21
209,CHEMBL3991934,COCc1c(-c2ccc(NC(=O)Nc3cc(C(F)(F)F)ccc3F)c(F)c2)c2c(N)ncnn2c1CN1CCOCC1
210,CHEMBL3544960,NC[C@@](O)(c1ccc(Cl)cc1)c1ccc(-c2cn[nH]c2)cc1
211,CHEMBL3334567,C[C@@H](c1ccc2nccn2c1)n1nnc2ncc(-c3cnn(C)c3)nc21
212,CHEMBL445813,O=C(NC1CCNCC1)c1n[nH]cc1NC(=O)c1c(Cl)cccc1Cl
213,CHEMBL1983111,CC(=O)NCC(=O)N1C2CCC1c1cc(Nc3ncc(C(F)(F)F)c(NC4CCC4)n3)ccc12
214,CHEMBL1950289,O[C@H]1CC[C@H](Nc2ncc3nc(Nc4c(F)cc(F)cc4F)n([C@H]4CCOC4)c3n2)CC1
215,CHEMBL3907479,Cc1nc2ccc(-n3ncc(C(=O)c4cc5ccccc5[nH]4)c3N)cc2[nH]1
216,CHEMBL1801204,COc1ccc(-c2ccc3c(N4CCOC[C@@H]4C)nc(N4CCOC[C@@H]4C)nc3n2)cc1CO
217,CHEMBL14762,CC[C@H](CO)Nc1nc(NCc2ccccc2)c2ncn(C(C)C)c2n1
218,CHEMBL1173655,CN(C)C/C=C/C(=O)Nc1cc2c(Nc3ccc(F)c(Cl)c3)ncnc2cc1O[C@H]1CCOC1
219,CHEMBL223360,Cc1ccc(F)c(NC(=O)Nc2ccc(-c3cccc4[nH]nc(N)c34)cc2)c1
220,CHEMBL283120,COc1cc([C@@H]2c3cc4c(cc3[C@H](O)[C@H]3COC(=O)[C@@H]23)OCO4)cc(OC)c1OC
221,CHEMBL1789941,N#CC[C@H](C1CCCC1)n1cc(-c2ncnc3[nH]ccc23)cn1
222,CHEMBL3544964,Cn1nccc1Nc1nccc(-c2ccn([C@H](CO)c3ccc(Cl)c(F)c3)c(=O)c2)n1
223,CHEMBL558752,Cn1c(Nc2ccc(C(F)(F)F)cc2)nc2cc(Oc3ccnc(-c4ncc(C(F)(F)F)[nH]4)c3)ccc21
224,CHEMBL3991935,CN1CC[C@@H](c2c(O)cc(O)c3c(=O)cc(-c4ccccc4Cl)oc23)[C@@H]1CO.Cl
225,CHEMBL2140408,Cc1csc(-c2nnc(Nc3ccc(Oc4ncccc4-c4ccnc(N)n4)cc3)c3ccccc23)c1
226,CHEMBL603469,C[C@]12O[C@H](C[C@]1(O)CO)n1c3ccccc3c3c4c(c5c6ccccc6n2c5c31)CNC4=O
227,CHEMBL281948,COC(=O)[C@@]1(O)C[C@H]2O[C@]1(C)n1c3ccccc3c3c4c(c5c6ccccc6n2c5c31)C(=O)NC4
228,CHEMBL513909,CC[C@@H]1C(=O)N(C)c2cnc(Nc3ccc(C(=O)NC4CCN(C)CC4)cc3OC)nc2N1C1CCCC1
229,CHEMBL1078178,N#CCNC(=O)c1ccc(-c2ccnc(Nc3ccc(N4CCOCC4)cc3)n2)cc1
230,CHEMBL554,CS(=O)(=O)CCNCc1ccc(-c2ccc3ncnc(Nc4ccc(OCc5cccc(F)c5)c(Cl)c4)c3c2)o1
231,CHEMBL2048872,N[C@@H]1CCCN(c2c(/C=C3\SC(=O)NC3=O)cccc2-c2ccccc2)C1
232,CHEMBL460702,CCOc1ccn(-c2ccc(F)cc2)c(=O)c1C(=O)Nc1ccc(Oc2ccnc(N)c2Cl)c(F)c1
233,CHEMBL3545110,CN(C)C(=O)c1cc2cnc(Nc3ccc(N4CCNCC4)cn3)nc2n1C1CCCC1
234,CHEMBL288441,COc1cc(Nc2c(C#N)cnc3cc(OCCCN4CCN(C)CC4)c(OC)cc23)c(Cl)cc1Cl
235,CHEMBL2001019,OCCn1cc(-c2cnc3nnn(Cc4ccc5ncccc5c4)c3n2)cn1
236,CHEMBL502835,COC(=O)c1ccc2c(c1)NC(=O)/C2=C(\Nc1ccc(N(C)C(=O)CN2CCN(C)CC2)cc1)c1ccccc1
237,CHEMBL3182621,Cc1cc(C(=O)NOCCO)c(Nc2ccc(I)cc2F)n(C)c1=O
238,CHEMBL4084193,
239,CHEMBL507361,O=C(NOC[C@H](O)CO)c1ccc(F)c(F)c1Nc1ccc(I)cc1F
240,CHEMBL482968,Cc1cc(Nc2cc(N3CCN(C)CC3)nc(/C=C/c3ccccc3)n2)n[nH]1
241,CHEMBL608533,CO[C@@H]1[C@H](N(C)C(=O)c2ccccc2)C[C@H]2O[C@]1(C)n1c3ccccc3c3c4c(c5c6ccccc6n2c5c31)C(=O)NC4
242,CHEMBL1088752,Cc1c(F)cc(C(=O)NC2CC2)cc1-c1ccc(C(=O)NCC(C)(C)C)cn1
243,CHEMBL601719,C[C@@H](Oc1cc(-c2cnn(C3CCNCC3)c2)cnc1N)c1c(Cl)ccc(F)c1Cl
244,CHEMBL535,CCN(CC)CCNC(=O)c1c(C)[nH]c(/C=C2\C(=O)Nc3ccc(F)cc32)c1C
245,CHEMBL522892,CN1CCN(c2ccc3nc(-c4c(N)c5c(F)cccc5[nH]c4=O)[nH]c3c2)CC1
246,CHEMBL3120215,COc1cccc2cc(-c3nc([C@H]4CC[C@H](C(=O)O)CC4)n4ncnc(N)c34)[nH]c12
247,CHEMBL2336325,CNC(=O)c1cccc(-c2ccc3c(N4CCOC[C@@H]4C)nc(N4CCOC[C@@H]4C)nc3n2)c1
248,CHEMBL377300,Cc1cc2c(F)c(Oc3ncnn4cc(OC[C@@H](C)O)c(C)c34)ccc2[nH]1
249,CHEMBL598797,C#Cc1cccc(Nc2ncnc3cc(OC)c(OCCCCCCC(=O)NO)cc23)c1
250,CHEMBL3991929,CCS(=O)(=O)N1CCN(c2ccc(Nc3ncc(C(N)=O)c(NC4CC4)n3)cc2)CC1.Cl
251,CHEMBL1615025,Cn1c(=O)c(F)c(Nc2ccc(I)cc2F)c2c(=O)n(C[C@@H](O)CO)cnc21
252,CHEMBL1233300,O=S(=O)(c1cccc2c(O)nccc12)N1CCCNCC1
253,CHEMBL1094408,COc1ccc(N2CCN(C)CC2)cc1Nc1ncc2c(n1)-c1c(c(C(N)=O)nn1C)CC2
254,CHEMBL495727,O=C(Nc1c[nH]nc1-c1nc2ccc(CN3CCOCC3)cc2[nH]1)NC1CC1
255,CHEMBL1952329,CN1CCC(CNc2ccc3ncc(-c4cccc(OC(F)(F)F)c4)n3n2)CC1
256,CHEMBL2396661,Cc1nc(NC(=O)N2CCC[C@H]2C(N)=O)sc1-c1ccnc(C(C)(C)C(F)(F)F)c1
257,CHEMBL3590106,CC(C)Nc1cc(-c2c[nH]c(C(=O)N[C@H](CO)c3cccc(Cl)c3)c2)c(Cl)cn1
258,CHEMBL1201182,CO[C@H]1C[C@@H]2CC[C@@H](C)[C@@](O)(O2)C(=O)C(=O)N2CCCC[C@H]2C(=O)O[C@H]([C@H](C)C[C@@H]2CC[C@@H](OC(=O)C(C)(CO)CO)[C@H](OC)C2)CC(=O)[C@H](C)/C=C(\C)[C@@H](O)[C@@H](OC)C(=O)[C@H](C)C[C@H](C)/C=C/C=C/C=C/1C
259,CHEMBL101253,Clc1ccc(Nc2nnc(Cc3ccncc3)c3ccccc23)cc1
260,CHEMBL1234354,COc1ccc(-c2cc3c(C)nc(N)nc3n([C@H]3CC[C@H](OCCO)CC3)c2=O)cn1
261,CHEMBL2216870,CC[C@H](Nc1ncnc2[nH]cnc12)c1nc2cccc(F)c2c(=O)n1-c1ccccc1
262,CHEMBL2041933,NC(=O)Nc1cc(-c2cccc(F)c2)sc1C(=O)N[C@H]1CCCNC1
263,CHEMBL384304,COc1ccc(F)c(F)c1C(=O)c1cnc(NC2CCN(S(C)(=O)=O)CC2)nc1N
264,CHEMBL1289926,CNC(=O)c1ccccc1Sc1ccc2c(/C=C/c3ccccn3)n[nH]c2c1
265,CHEMBL274654,Cc1[nH]c(/C=C2\C(=O)Nc3ccccc32)c(C)c1CCC(=O)O
266,CHEMBL4245590,Cn1cc(C2=C(c3cn(CCCCCC#N)c4ccccc34)C(=O)N(O)C2=O)c2ccccc21
267,CHEMBL4238883,CCn1cc(C2=C(c3cn(C(C)C)c4ccccc34)C(=O)N(O)C2=O)c2ccccc21
268,CHEMBL4240779,Cn1cc(C2=C(c3cn(CCCCCC(=O)O)c4ccccc34)C(=O)N(O)C2=O)c2ccccc21
269,CHEMBL4242235,Cn1cc(C2=C(c3c[nH]c4ccccc34)C(=O)N(O)C2=O)c2ccccc21
270,CHEMBL4244860,N#CCCCCCn1cc(C2=C(c3cn(CCCCCC#N)c4ccccc34)C(=O)N(O)C2=O)c2ccccc21
271,CHEMBL4239321,CC(C)n1cc(C2=C(c3cn(C)c4ccccc34)C(=O)N(O)C2=O)c2ccccc21
272,CHEMBL4238093,O=C1C(c2c[nH]c3ccccc23)=C(c2c[nH]c3ncccc23)C(=O)N1O
273,CHEMBL4238971,N#CCCCCCn1cc(C2=C(c3cn(CCCCCC#N)c4ccccc34)C(=O)NC2=O)c2ccccc21
274,CHEMBL4243080,O=C1C2=C(C(=O)N1O)c1cn(c3ccccc13)CCCCCCn1cc2c2ccccc21
275,CHEMBL4241699,O=C(O)CCCCCn1cc(C2=C(c3c[nH]c4ccccc34)C(=O)N(O)C2=O)c2ccccc21
276,CHEMBL52851,Cn1cc(C2=C(c3cn(C)c4ncccc34)C(=O)NC2=O)c2ccccc21
277,CHEMBL4246062,CCn1cc(C2=C(c3cn(C)c4ccccc34)C(=O)N(O)C2=O)c2ccccc21
278,CHEMBL4241803,Cn1cc(C2=C(c3cn(C)c4ccccc34)C(=O)N(O)C2=O)c2ccccc21
279,CHEMBL4249393,CC(C)n1cc(C2=C(c3c[nH]c4ccccc34)C(=O)N(O)C2=O)c2ccccc21
280,CHEMBL4281823,CCn1cc(-c2ccc3c(c2)CCN3C(=O)Cc2cccc(OC(F)(F)F)c2)c2c(N)ncnc21
281,CHEMBL72365,O=C1Nc2ccc(I)cc2/C1=C/c1cc(Br)c(O)c(Br)c1
282,CHEMBL4470115,Nc1ccc(C#Cc2c(Oc3ccc(NC(=O)c4cccn(-c5ccc(F)cc5)c4=O)cc3F)ccnc2N)nc1
283,CHEMBL4434926,Cc1ccc(COC(=O)Nc2cc(-c3cc4c([nH]3)CCNC4=O)ccn2)cc1
284,CHEMBL4455682,O=C(Nc1ccc(Oc2ccnc(NC(=O)C3CC3)c2)c(F)c1)c1cccn(-c2ccc(F)cc2)c1=O
285,CHEMBL4476485,Cc1cc(NC(=O)c2cccn(-c3ccc(F)cc3)c2=O)ccc1Oc1ccnc(NC(=O)C2CC2)c1
286,CHEMBL4552106,CC#Cc1c(Oc2ccc(NC(=O)c3cccn(-c4ccc(F)cc4)c3=O)cc2F)ccnc1N
287,CHEMBL4438939,O=C(Nc1ccc(Oc2ccncc2)c2ccccc12)c1cccn(-c2ccc(F)cc2)c1=O
288,CHEMBL4476076,Cc1cc(NC(=O)c2cccn(-c3ccc(F)cc3)c2=O)cc(C)c1Oc1ccnc(NC(=O)C2CC2)c1
289,CHEMBL4551490,Cc1c(NC(=O)c2cccn(-c3ccc(F)cc3)c2=O)ccc(Oc2ccnc(NC(=O)C3CC3)c2)c1C
290,CHEMBL4434881,Cc1c(NC(=O)c2cccn(-c3ccc(F)cc3)c2=O)ccc(Oc2ccncc2)c1C
291,CHEMBL509101,O=C(Nc1ccc(Oc2ccnc3[nH]ccc23)c(F)c1)c1cccn(-c2ccc(F)cc2)c1=O
292,CHEMBL4542026,Cc1cc(NC(=O)c2cccn(-c3ccc(F)cc3)c2=O)cc(C)c1Oc1ccncc1
293,CHEMBL4572309,O=C(Nc1ccc(Oc2ccncc2)c(F)c1)c1cccn(-c2ccc(F)cc2)c1=O
294,CHEMBL4468222,O=C(Nc1ccc(Oc2ccncc2)c(F)c1)c1cccc(-c2ccc(F)cc2)c1
295,CHEMBL4464023,CC(=O)Nc1nc2ccc(-c3cnc(C)c(CC(=O)OC4CCCCC4)c3)cc2s1
296,CHEMBL4453780,CC(=O)Nc1nc2ccc(-c3cnc(Cl)c(CC(=O)Cc4ccccc4)c3)cc2s1
297,CHEMBL4464634,Cc1ccc(CCCCN2C(=O)N[C@H](Cc3c[nH]c4c(Cl)cccc34)C2=O)cc1C#Cc1cnc2cccnn12
298,CHEMBL4440337,Nc1nccnc1C(=O)O[C@@H](C(=O)Nc1ccc(F)cc1)c1ccccc1
299,CHEMBL4569395,CC(=O)O[C@@H]1CCC(C)(C)[C@H]2C[C@@H](O)C3=C[C@@H](CCC(=O)[C@@]21C)[C@H](C)C3=O
300,CHEMBL4444744,Cc1cccc(CC(=O)Nc2cc(Oc3ccc4nc(NC(=O)C5CC5)sc4c3)ccc2F)c1
301,CHEMBL4548552,CC(=O)c1cccc(NC(=O)Nc2cc(Oc3ccc4nc(NC(=O)C5CC5)sc4c3)ccc2F)c1
302,CHEMBL4464579,COc1cccc(CC(=O)Nc2cc(Oc3ccc4nc(NC(=O)C5CC5)sc4c3)ccc2F)c1
303,CHEMBL4594113,COc1cccc(NC(=O)Nc2cc(Oc3ccc4nc(NC(=O)C5CC5)sc4c3)ccc2F)c1
304,CHEMBL4454319,CCOC(=O)c1cccc(NC(=O)Nc2cc(Oc3ccc4nc(NC(=O)C5CC5)sc4c3)ccc2F)c1
305,CHEMBL4550952,Cc1ccc(CC(=O)Nc2cc(Oc3ccc4nc(NC(=O)C5CC5)sc4c3)ccc2F)cc1C
306,CHEMBL4540715,O=C(Cc1cccc(C(F)(F)F)c1)Nc1cc(Oc2ccc3nc(NC(=O)C4CC4)sc3c2)ccc1F
307,CHEMBL4465561,O=C(Nc1cccc(Br)c1)Nc1cc(Oc2ccc3nc(NC(=O)C4CC4)sc3c2)ccc1F
308,CHEMBL4469480,O=C(Cc1ccc2c(c1)OCO2)Nc1cc(Oc2ccc3nc(NC(=O)C4CC4)sc3c2)ccc1F
309,CHEMBL4440432,Cc1cccc(NC(=O)Nc2cc(Oc3ccc4nc(NC(=O)C5CC5)sc4c3)ccc2F)c1
310,CHEMBL4553409,O=C(Cc1cccc(C(F)(F)F)c1F)Nc1cc(Oc2ccc3nc(NC(=O)C4CC4)sc3c2)ccc1F
311,CHEMBL3125890,N#Cc1c(Oc2ccc(F)c(NC(=O)Cc3cccc(C(F)(F)F)c3)c2)ccc2nc(NC(=O)C3CC3)sc12
312,CHEMBL4590158,O=C(Cc1cccc([N+](=O)[O-])c1)Nc1cc(Oc2ccc3nc(NC(=O)C4CC4)sc3c2)ccc1F
313,CHEMBL4439346,O=C(Cc1cccc(OC(F)(F)F)c1)Nc1cc(Oc2ccc3nc(NC(=O)C4CC4)sc3c2)ccc1F
314,CHEMBL4573380,N#Cc1cccc(CC(=O)Nc2cc(Oc3ccc4nc(NC(=O)C5CC5)sc4c3)ccc2F)c1
315,CHEMBL4438227,O=C(Cc1ccc(F)c(C(F)(F)F)c1)Nc1cc(Oc2ccc3nc(NC(=O)C4CC4)sc3c2)ccc1F
316,CHEMBL4575736,O=C(Cc1cccc(C(F)(F)F)n1)Nc1cc(Oc2ccc3nc(NC(=O)C4CC4)sc3c2)ccc1F
317,CHEMBL4439279,O=C(CCc1cccc(C(F)(F)F)c1)Nc1cc(Oc2ccc3nc(NC(=O)C4CC4)sc3c2)ccc1F
318,CHEMBL4525593,Cn1cc(CC(=O)Nc2cc(Oc3ccc4nc(NC(=O)C5CC5)sc4c3)ccc2F)c2ccccc21
319,CHEMBL4439913,CNC(=O)c1ccc2c(c1)ncn2-c1ccc(CC(=O)OC(C)(C)C)cc1
320,CHEMBL4796622,CCCCNc1nc2cc([N+](=O)[O-])ccc2s1
321,CHEMBL4776698,CCCCNc1nc2ccc([N+](=O)[O-])cc2[nH]1
322,CHEMBL4861646,O=S1(=O)CC2(OCCO2)c2cc3nccc(Nc4ccc5scnc5c4)c3cc21
323,CHEMBL4850219,CC1(C)C[C@@H]1C(=O)Nc1nc2ccc(Oc3ccc(F)c(NC(=O)Cc4cccc(C(F)(F)F)c4)c3)cc2s1
324,CHEMBL4860842,CC1(C)CC1C(=O)Nc1nc2ccc(Oc3ccc(F)c(NC(=O)Cc4cccc(C(F)(F)F)c4)c3)cc2s1
325,CHEMBL4869920,CC1(C)C[C@H]1C(=O)Nc1nc2ccc(Oc3ccc(F)c(NC(=O)Cc4cccc(C(F)(F)F)c4)c3)cc2s1
326,CHEMBL4088216,CN1C(=O)[C@@H](N2CCc3cn(Cc4ccccc4)nc3C2=O)COc2ccccc21
327,CHEMBL4549667,CN1C(=O)[C@@H](N2CCc3c(nn(Cc4ccccc4)c3Br)C2=O)COc2ccccc21
328,CHEMBL4097778,CN1C(=O)[C@@H](N2CCc3cn(CC4CCS(=O)(=O)CC4)nc3C2=O)COc2ccccc21
